HomeTeam,AwayTeam,Home_curr_pos,Away_curr_pos,Home_W/MP,Away_W/MP,Home_D/MP,Away_D/MP,Home_L/MP,Away_L/MP,HSoT/90,ASoT/90,HAS,AAS,HDS,ADS,past_h2h,home_past_form1,home_past_form2,home_past_form3,away_past_form1,away_past_form2,away_past_form3,B365H,B365D,B365A
Crystal Palace,Man United,12.0,3.0,0.35294117647058826,0.6666666666666666,0.23529411764705882,0.1111111111111111,0.4117647058823529,0.2222222222222222,3.7058823529411766,5.333333333333333,0.6779661016949153,1.1009174311926606,1.3761467889908259,1.0847457627118644,1.0,1.0,2.0,0.0,1.0,2.0,2.0,4.5,3.6,1.8
Man City,Tottenham,2.0,5.0,0.6666666666666666,0.5555555555555556,0.16666666666666666,0.16666666666666666,0.16666666666666666,0.2777777777777778,5.777777777777778,5.833333333333333,2.1016949152542375,1.4678899082568808,0.9174311926605505,0.8135593220338982,2.0,2.0,2.0,0.0,2.0,0.0,0.0,1.36,5.0,8.5
