HomeTeam,AwayTeam,Home_curr_pos,Away_curr_pos,Home_W/MP,Away_W/MP,Home_D/MP,Away_D/MP,Home_L/MP,Away_L/MP,HSoT/90,ASoT/90,HAS,AAS,HDS,ADS,past_h2h,home_past_form1,home_past_form2,home_past_form3,away_past_form1,away_past_form2,away_past_form3,B365H,B365D,B365A
Brighton,Crystal Palace,7.0,12.0,0.4583333333333333,0.23076923076923078,0.25,0.34615384615384615,0.2916666666666667,0.4230769230769231,5.75,3.1538461538461537,1.104368932038835,0.6747404844290658,0.8246828143021914,0.7888349514563108,2.0,2.0,1.0,2.0,2.0,0.0,2.0,1.44,4.2,8.0
Southampton,Brentford,20.0,9.0,0.23076923076923078,0.36,0.15384615384615385,0.44,0.6153846153846154,0.2,3.769230769230769,4.28,0.5784789644012945,0.9746251441753171,1.4244521337946943,1.051779935275081,0.0,0.0,1.0,2.0,0.0,2.0,2.0,2.88,3.25,2.5
