HomeTeam,AwayTeam,Home_curr_pos,Away_curr_pos,Home_W/MP,Away_W/MP,Home_D/MP,Away_D/MP,Home_L/MP,Away_L/MP,HSoT/90,ASoT/90,HAS,AAS,HDS,ADS,past_h2h,home_past_form1,home_past_form2,home_past_form3,away_past_form1,away_past_form2,away_past_form3,B365H,B365D,B365A
Arsenal,Everton,1.0,18.0,0.76,0.2,0.12,0.24,0.12,0.56,5.2,3.6,1.648936170212766,0.4411764705882353,1.0294117647058825,1.0638297872340425,2.0,2.0,0.0,0.0,2.0,0.0,2.0,1.36,4.75,10.0
Liverpool,Wolves,7.0,15.0,0.43478260869565216,0.25,0.2608695652173913,0.25,0.30434782608695654,0.5,5.826086956521739,3.25,1.4506769825918764,0.6617647058823529,0.7219251336898397,0.9574468085106383,2.0,2.0,1.0,0.0,2.0,1.0,0.0,1.5,4.75,6.0
