HomeTeam,AwayTeam,Home_curr_pos,Away_curr_pos,Home_W/MP,Away_W/MP,Home_D/MP,Away_D/MP,Home_L/MP,Away_L/MP,HSoT/90,ASoT/90,HAS,AAS,HDS,ADS,past_h2h,home_past_form1,home_past_form2,home_past_form3,away_past_form1,away_past_form2,away_past_form3,B365H,B365D,B365A
Liverpool,Everton,9.0,18.0,0.42857142857142855,0.18181818181818182,0.23809523809523808,0.2727272727272727,0.3333333333333333,0.5454545454545454,5.857142857142857,3.3636363636363638,1.4204545454545454,0.4799999999999999,0.72,0.9090909090909091,2.0,2.0,2.0,1.0,2.0,2.0,2.0,1.5,4.33,6.5
Arsenal,Man City,1.0,2.0,0.7619047619047619,0.6818181818181818,0.14285714285714285,0.13636363636363635,0.09523809523809523,0.18181818181818182,5.571428571428571,5.954545454545454,1.625,1.3199999999999998,0.968,0.5625,0.0,0.0,1.0,2.0,0.0,2.0,2.0,2.9,3.5,2.35
