HomeTeam,AwayTeam,Home_curr_pos,Away_curr_pos,Home_W/MP,Away_W/MP,Home_D/MP,Away_D/MP,Home_L/MP,Away_L/MP,HSoT/90,ASoT/90,HAS,AAS,HDS,ADS,past_h2h,home_past_form1,home_past_form2,home_past_form3,away_past_form1,away_past_form2,away_past_form3,B365H,B365D,B365A
Man United,Leeds,3.0,16.0,0.5909090909090909,0.19047619047619047,0.18181818181818182,0.3333333333333333,0.22727272727272727,0.47619047619047616,5.2727272727272725,3.9047619047619047,1.1931818181818181,1.0340909090909092,0.6363636363636365,1.25,1.0,1.0,2.0,2.0,1.0,2.0,1.0,1.45,5.0,6.0
