HomeTeam,AwayTeam,Home_curr_pos,Away_curr_pos,Home_W/MP,Away_W/MP,Home_D/MP,Away_D/MP,Home_L/MP,Away_L/MP,HSoT/90,ASoT/90,HAS,AAS,HDS,ADS,past_h2h,home_past_form1,home_past_form2,home_past_form3,away_past_form1,away_past_form2,away_past_form3,B365H,B365D,B365A
Brighton,Man City,6.0,1.0,0.4864864864864865,0.7567567567567568,0.21621621621621623,0.13513513513513514,0.2972972972972973,0.10810810810810811,6.135135135135135,5.837837837837838,1.1988790612137665,1.5530864197530863,0.9087719298245615,0.5130338325013866,1.0,1.0,2.0,2.0,1.0,2.0,0.0,4.0,4.33,1.75
Man United,Chelsea,3.0,12.0,0.5945945945945946,0.2972972972972973,0.16216216216216217,0.2702702702702703,0.24324324324324326,0.43243243243243246,5.5675675675675675,4.135135135135135,1.1628766870031428,0.7789473684210526,0.4111111111111111,0.9072598301077152,2.0,2.0,0.0,2.0,2.0,2.0,1.0,1.6,4.33,5.0
