HomeTeam,AwayTeam,Home_curr_pos,Away_curr_pos,Home_W/MP,Away_W/MP,Home_D/MP,Away_D/MP,Home_L/MP,Away_L/MP,HSoT/90,ASoT/90,HAS,AAS,HDS,ADS,past_h2h,home_past_form1,home_past_form2,home_past_form3,away_past_form1,away_past_form2,away_past_form3,B365H,B365D,B365A
Arsenal,Chelsea,2.0,12.0,0.696969696969697,0.3125,0.18181818181818182,0.28125,0.12121212121212122,0.40625,5.303030303030303,3.96875,1.7413227016885553,0.7204030226700252,1.0909949622166246,0.7842401500938085,2.0,2.0,2.0,1.0,2.0,0.0,0.0,1.6,4.0,5.5
Liverpool,Fulham,7.0,10.0,0.46875,0.3939393939393939,0.25,0.18181818181818182,0.28125,0.42424242424242425,5.6875,3.878787878787879,1.6097560975609755,1.0909949622166246,0.7204030226700252,0.8126172607879925,2.0,2.0,2.0,0.0,2.0,0.0,2.0,1.25,5.75,11.0
Man City,West Ham,1.0,15.0,0.75,0.2727272727272727,0.125,0.21212121212121213,0.125,0.5151515151515151,6.03125,3.727272727272727,2.0895872420262664,0.7792821158690175,0.8312342569269521,0.9287054409005628,2.0,2.0,0.0,2.0,2.0,2.0,0.0,1.2,7.0,13.0
Brighton,Man United,8.0,3.0,0.4838709677419355,0.59375,0.22580645161290322,0.1875,0.2903225806451613,0.21875,6.225806451612903,5.4375,1.279549718574109,1.0909949622166246,0.7758186397984886,1.199577861163227,2.0,2.0,2.0,2.0,2.0,2.0,1.0,1.95,3.5,3.75
