HomeTeam,AwayTeam,Home_curr_pos,Away_curr_pos,Home_W/MP,Away_W/MP,Home_D/MP,Away_D/MP,Home_L/MP,Away_L/MP,HSoT/90,ASoT/90,HAS,AAS,HDS,ADS,past_h2h,home_past_form1,home_past_form2,home_past_form3,away_past_form1,away_past_form2,away_past_form3,B365H,B365D,B365A
Newcastle,Brighton,3.0,8.0,0.5142857142857142,0.48484848484848486,0.34285714285714286,0.21212121212121213,0.14285714285714285,0.30303030303030304,5.142857142857143,6.181818181818182,1.1497792834411251,1.540492957746479,0.628279480806407,0.9925828970331587,2.0,2.0,1.0,0.0,2.0,0.0,0.0,2.0,3.8,3.5
